,chain,amino acid,residue id,immunodominance,rsa
0,A,LEU,54,0.0,1.1768292682926829
1,A,HIS,55,0.0,0.375
2,A,TRP,56,0.0,0.9251101321585903
3,A,ALA,57,0.0,0.5094339622641509
4,A,ALA,58,0.0,0.20754716981132076
5,A,LEU,59,0.0,0.6036585365853658
6,A,LEU,60,0.0,0.676829268292683
7,A,ILE,61,0.0,0.17159763313609466
8,A,LEU,62,0.0,0.43902439024390244
9,A,MET,63,0.0,0.5425531914893617
10,A,VAL,64,0.0,0.29577464788732394
11,A,ILE,65,0.0,0.05917159763313609
12,A,ILE,66,0.0,0.5857988165680473
13,A,PRO,67,0.0,0.4632352941176471
14,A,THR,68,0.0,0.0
15,A,ILE,69,0.0,0.28402366863905326
16,A,GLY,70,0.0,0.38095238095238093
17,A,GLY,71,0.0,0.19047619047619047
18,A,ASN,72,0.0,0.006369426751592357
19,A,THR,73,0.0,0.33098591549295775
20,A,LEU,74,0.0,0.2682926829268293
21,A,VAL,75,0.0,0.007042253521126761
22,A,ILE,76,0.0,0.22485207100591717
23,A,LEU,77,0.0,0.3231707317073171
24,A,ALA,78,0.0,0.0660377358490566
25,A,VAL,79,0.0,0.007042253521126761
26,A,SER,80,0.0,0.5769230769230769
27,A,LEU,81,0.0,0.47560975609756095
28,A,GLU,82,0.0,0.24742268041237114
29,A,LYS,83,0.0,0.4146341463414634
30,A,LYS,84,0.0,0.3463414634146341
31,A,LEU,85,0.0,0.006097560975609756
32,A,GLN,86,0.0,0.37373737373737376
33,A,TYR,87,0.0,0.4189189189189189
34,A,ALA,88,0.0,0.11320754716981132
35,A,THR,89,0.0,0.5774647887323944
36,A,ASN,90,0.0,0.05732484076433121
37,A,TYR,91,0.0,0.481981981981982
38,A,PHE,92,0.0,0.030456852791878174
39,A,LEU,93,0.0,0.12804878048780488
40,A,MET,94,0.0,0.2765957446808511
41,A,SER,95,0.0,0.046153846153846156
42,A,LEU,96,0.0,0.042682926829268296
43,A,ALA,97,0.0,0.02830188679245283
44,A,VAL,98,0.0,0.3028169014084507
45,A,ALA,99,0.0,0.0
46,A,ASP,100,0.0,0.006134969325153374
47,A,LEU,101,0.0,0.1524390243902439
48,A,LEU,102,0.0,0.2865853658536585
49,A,VAL,103,0.0,0.028169014084507043
50,A,GLY,104,0.0,0.0
51,A,LEU,105,0.0,0.5
52,A,PHE,106,0.0,0.49238578680203043
53,A,VAL,107,0.0,0.0
54,A,MET,108,0.0,0.0
55,A,PRO,109,0.0,0.3014705882352941
56,A,ILE,110,0.0,0.21893491124260356
57,A,ALA,111,0.0,0.03773584905660377
58,A,LEU,112,0.0,0.10975609756097561
59,A,LEU,113,0.0,0.2926829268292683
60,A,THR,114,0.0,0.2605633802816901
61,A,ILE,115,0.0,0.41420118343195267
62,A,MET,116,0.0,0.4627659574468085
63,A,PHE,117,0.0,0.4416243654822335
64,A,GLU,118,0.0,0.7525773195876289
65,A,ALA,119,0.125,0.5377358490566038
66,A,MET,120,0.0,0.5053191489361702
67,A,TRP,121,0.0,0.0
68,A,PRO,122,0.0,0.38235294117647056
69,A,LEU,123,0.0,0.25
70,A,PRO,124,0.0,0.5514705882352942
71,A,LEU,125,0.25,0.24390243902439024
72,A,VAL,126,0.25,0.823943661971831
73,A,LEU,127,0.125,0.45121951219512196
74,A,CYS,128,0.25,0.0
75,A,PRO,129,0.25,0.20588235294117646
76,A,ALA,130,0.25,0.42452830188679247
77,A,TRP,131,0.0,0.1013215859030837
78,A,LEU,132,0.0,0.09146341463414634
79,A,PHE,133,0.125,0.2233502538071066
80,A,LEU,134,0.0,0.25609756097560976
81,A,ASP,135,0.0,0.2147239263803681
82,A,VAL,136,0.0,0.2323943661971831
83,A,LEU,137,0.0,0.09146341463414634
84,A,PHE,138,0.0,0.08629441624365482
85,A,SER,139,0.0,0.08461538461538462
86,A,THR,140,0.0,0.02112676056338028
87,A,ALA,141,0.0,0.0
88,A,SER,142,0.0,0.03076923076923077
89,A,ILE,143,0.0,0.005917159763313609
90,A,TRP,144,0.0,0.17180616740088106
91,A,HIS,145,0.0,0.0
92,A,LEU,146,0.0,0.04878048780487805
93,A,CYS,147,0.0,0.037037037037037035
94,A,ALA,148,0.0,0.1509433962264151
95,A,ILE,149,0.0,0.0650887573964497
96,A,SER,150,0.0,0.14615384615384616
97,A,VAL,151,0.0,0.3732394366197183
98,A,ASP,152,0.0,0.4539877300613497
99,A,ARG,153,0.0,0.39919354838709675
100,A,TYR,154,0.0,0.20270270270270271
101,A,ILE,155,0.0,0.2485207100591716
102,A,ALA,156,0.0,0.6226415094339622
103,A,ILE,157,0.0,0.30177514792899407
104,A,LYS,158,0.0,0.4878048780487805
105,A,LYS,159,0.0,0.5804878048780487
106,A,PRO,160,0.0,0.6544117647058824
107,A,ILE,161,0.0,0.7218934911242604
108,A,GLN,162,0.0,0.3939393939393939
109,A,ALA,163,0.0,0.8301886792452831
110,A,ASN,164,0.0,0.35668789808917195
111,A,GLN,165,0.0,0.40404040404040403
112,A,TYR,166,0.0,0.45495495495495497
113,A,ASN,167,0.0,0.6942675159235668
114,A,SER,168,0.0,0.2153846153846154
115,A,ARG,169,0.0,0.1532258064516129
116,A,ALA,170,0.0,0.5377358490566038
117,A,THR,171,0.0,0.5211267605633803
118,A,ALA,172,0.0,0.12264150943396226
119,A,PHE,173,0.0,0.7411167512690355
120,A,ILE,174,0.0,0.5798816568047337
121,A,LYS,175,0.0,0.1951219512195122
122,A,ILE,176,0.0,0.2485207100591716
123,A,THR,177,0.0,0.4295774647887324
124,A,VAL,178,0.0,0.5070422535211268
125,A,VAL,179,0.0,0.035211267605633804
126,A,TRP,180,0.0,0.2290748898678414
127,A,LEU,181,0.0,0.6707317073170732
128,A,ILE,182,0.0,0.2958579881656805
129,A,SER,183,0.0,0.0
130,A,ILE,184,0.0,0.3727810650887574
131,A,GLY,185,0.0,0.5714285714285714
132,A,ILE,186,0.0,0.11242603550295859
133,A,ALA,187,0.0,0.0
134,A,ILE,188,0.0,0.40828402366863903
135,A,PRO,189,0.0,0.3088235294117647
136,A,VAL,190,0.125,0.014084507042253521
137,A,PRO,191,0.25,0.38235294117647056
138,A,ILE,192,0.25,0.7692307692307693
139,A,LYS,193,0.25,0.4146341463414634
140,A,GLY,194,0.25,0.32142857142857145
141,A,ILE,195,0.25,0.17159763313609466
142,A,GLU,196,0.25,0.6082474226804123
143,A,THR,197,0.25,0.4084507042253521
144,A,ASP,198,0.25,1.0
145,A,VAL,199,0.25,0.4014084507042254
146,A,ASP,200,0.25,0.8588957055214724
147,A,ASN,201,0.25,0.4840764331210191
148,A,PRO,202,0.125,0.16176470588235295
149,A,ASN,203,0.0,0.5605095541401274
150,A,ASN,204,0.25,0.7006369426751592
151,A,ILE,205,0.0,0.05325443786982249
152,A,THR,206,0.0,0.5704225352112676
153,A,CYS,207,0.0,0.08148148148148149
154,A,VAL,208,0.0,0.5140845070422535
155,A,LEU,209,0.0,0.17682926829268292
156,A,THR,210,0.25,0.3028169014084507
157,A,LYS,211,0.25,0.25853658536585367
158,A,GLU,212,0.25,0.7164948453608248
159,A,ARG,213,0.25,0.33064516129032256
160,A,PHE,214,0.0,0.02030456852791878
161,A,GLY,215,0.0,0.15476190476190477
162,A,ASP,216,0.0,0.7484662576687117
163,A,PHE,217,0.0,0.18781725888324874
164,A,MET,218,0.0,0.2127659574468085
165,A,LEU,219,0.0,0.3048780487804878
166,A,PHE,220,0.0,0.7157360406091371
167,A,GLY,221,0.0,0.13095238095238096
168,A,SER,222,0.0,0.046153846153846156
169,A,LEU,223,0.0,0.45121951219512196
170,A,ALA,224,0.0,0.32075471698113206
171,A,ALA,225,0.0,0.02830188679245283
172,A,PHE,226,0.0,0.005076142131979695
173,A,PHE,227,0.0,0.3096446700507614
174,A,THR,228,0.0,0.4507042253521127
175,A,PRO,229,0.0,0.0
176,A,LEU,230,0.0,0.0975609756097561
177,A,ALA,231,0.0,0.5283018867924528
178,A,ILE,232,0.0,0.378698224852071
179,A,MET,233,0.0,0.015957446808510637
180,A,ILE,234,0.0,0.33727810650887574
181,A,VAL,235,0.0,0.5633802816901409
182,A,THR,236,0.0,0.08450704225352113
183,A,TYR,237,0.0,0.18468468468468469
184,A,PHE,238,0.0,0.6192893401015228
185,A,LEU,239,0.0,0.4878048780487805
186,A,THR,240,0.0,0.04929577464788732
187,A,ILE,241,0.0,0.33727810650887574
188,A,HIS,242,0.0,0.44565217391304346
189,A,ALA,243,0.0,0.018867924528301886
190,A,LEU,244,0.0,0.13414634146341464
191,A,GLN,245,0.0,0.6767676767676768
192,A,LYS,246,0.0,0.5414634146341464
193,A,LYS,247,0.0,0.2048780487804878
194,A,ALA,248,0.0,0.20754716981132076
195,A,ALA,1001,0.0,0.4339622641509434
196,A,ASP,1002,0.125,0.2883435582822086
197,A,LEU,1003,0.125,0.018292682926829267
198,A,GLU,1004,0.125,0.4793814432989691
199,A,ASP,1005,0.125,0.4785276073619632
200,A,ASN,1006,0.125,0.21656050955414013
201,A,TRP,1007,0.375,0.12334801762114538
202,A,GLU,1008,0.125,0.6391752577319587
203,A,THR,1009,0.125,0.3873239436619718
204,A,LEU,1010,0.0,0.054878048780487805
205,A,ASN,1011,0.125,0.24203821656050956
206,A,ASP,1012,0.125,0.5337423312883436
207,A,ASN,1013,0.125,0.07006369426751592
208,A,LEU,1014,0.0,0.04878048780487805
209,A,LYS,1015,0.125,0.7902439024390244
210,A,VAL,1016,0.125,0.352112676056338
211,A,ILE,1017,0.25,0.029585798816568046
212,A,GLU,1018,0.375,0.3247422680412371
213,A,LYS,1019,0.375,0.7902439024390244
214,A,ALA,1020,0.0,0.3018867924528302
215,A,ASP,1021,0.0,0.8404907975460123
216,A,ASN,1022,0.0,0.42038216560509556
217,A,ALA,1023,0.0,0.27358490566037735
218,A,ALA,1024,0.0,0.6037735849056604
219,A,GLN,1025,0.0,0.23232323232323232
220,A,VAL,1026,0.0,0.035211267605633804
221,A,LYS,1027,0.125,0.36585365853658536
222,A,ASP,1028,0.125,0.5398773006134969
223,A,ALA,1029,0.0,0.018867924528301886
224,A,LEU,1030,0.0,0.036585365853658534
225,A,THR,1031,0.125,0.4295774647887324
226,A,LYS,1032,0.25,0.4926829268292683
227,A,MET,1033,0.0,0.015957446808510637
228,A,ARG,1034,0.125,0.3467741935483871
229,A,ALA,1035,0.125,0.5188679245283019
230,A,ALA,1036,0.125,0.05660377358490566
231,A,ALA,1037,0.0,0.009433962264150943
232,A,LEU,1038,0.125,0.3902439024390244
233,A,ASP,1039,0.125,0.44785276073619634
234,A,ALA,1040,0.0,0.018867924528301886
235,A,GLN,1041,0.125,0.23232323232323232
236,A,LYS,1042,0.125,0.7853658536585366
237,A,ALA,1043,0.0,0.10377358490566038
238,A,THR,1044,0.0,0.1056338028169014
239,A,PRO,1045,0.0,0.8676470588235294
240,A,MET,1058,0.0,0.46808510638297873
241,A,LYS,1059,0.25,0.7853658536585366
242,A,ASP,1060,0.375,0.4233128834355828
243,A,PHE,1061,0.25,0.015228426395939087
244,A,ARG,1062,0.25,0.25806451612903225
245,A,HIS,1063,0.5,0.5271739130434783
246,A,GLY,1064,0.25,0.03571428571428571
247,A,PHE,1065,0.375,0.025380710659898477
248,A,ASP,1066,0.375,0.5276073619631901
249,A,ILE,1067,0.625,0.3609467455621302
250,A,LEU,1068,0.375,0.054878048780487805
251,A,VAL,1069,0.5,0.07746478873239436
252,A,GLY,1070,0.625,0.36904761904761907
253,A,GLN,1071,0.5,0.12121212121212122
254,A,ILE,1072,0.25,0.0
255,A,ASP,1073,0.625,0.36809815950920244
256,A,ASP,1074,0.625,0.6319018404907976
257,A,ALA,1075,0.5,0.009433962264150943
258,A,LEU,1076,0.125,0.1951219512195122
259,A,LYS,1077,0.625,0.7024390243902439
260,A,LEU,1078,0.5,0.29878048780487804
261,A,ALA,1079,0.0,0.02830188679245283
262,A,ASN,1080,0.125,0.6305732484076433
263,A,GLU,1081,0.5,0.6958762886597938
264,A,GLY,1082,0.0,0.5952380952380952
265,A,LYS,1083,0.5,0.1024390243902439
266,A,VAL,1084,0.0,0.19718309859154928
267,A,LYS,1085,0.5,0.848780487804878
268,A,GLU,1086,0.5,0.6082474226804123
269,A,ALA,1087,0.375,0.05660377358490566
270,A,GLN,1088,0.25,0.23232323232323232
271,A,ALA,1089,0.5,0.6509433962264151
272,A,ALA,1090,0.5,0.16037735849056603
273,A,ALA,1091,0.25,0.07547169811320754
274,A,GLU,1092,0.25,0.5618556701030928
275,A,GLN,1093,0.5,0.5202020202020202
276,A,LEU,1094,0.125,0.018292682926829267
277,A,LYS,1095,0.375,0.2146341463414634
278,A,THR,1096,0.5,0.6267605633802817
279,A,THR,1097,0.5,0.11267605633802817
280,A,ARG,1098,0.625,0.20967741935483872
281,A,ASN,1099,0.625,0.5414012738853503
282,A,ALA,1100,0.5,0.6415094339622641
283,A,TYR,1101,0.5,0.1981981981981982
284,A,ILE,1102,0.0,0.3905325443786982
285,A,GLN,1103,0.375,0.7424242424242424
286,A,LYS,1104,0.375,0.35121951219512193
287,A,TYR,1105,0.375,0.12162162162162163
288,A,LEU,1106,0.125,0.5792682926829268
289,A,GLN,314,0.125,0.5
290,A,THR,315,0.125,0.20422535211267606
291,A,ILE,316,0.0,0.21301775147928995
292,A,SER,317,0.0,0.3076923076923077
293,A,ASN,318,0.0,0.5796178343949044
294,A,GLU,319,0.0,0.11855670103092783
295,A,GLN,320,0.0,0.3686868686868687
296,A,ARG,321,0.0,0.5645161290322581
297,A,ALA,322,0.0,0.37735849056603776
298,A,SER,323,0.0,0.2
299,A,LYS,324,0.0,0.6634146341463415
300,A,VAL,325,0.0,0.3380281690140845
301,A,LEU,326,0.0,0.14634146341463414
302,A,GLY,327,0.0,0.07142857142857142
303,A,ILE,328,0.0,0.4319526627218935
304,A,VAL,329,0.0,0.14788732394366197
305,A,PHE,330,0.0,0.14720812182741116
306,A,PHE,331,0.0,0.6040609137055838
307,A,LEU,332,0.0,0.2865853658536585
308,A,PHE,333,0.0,0.03553299492385787
309,A,LEU,334,0.0,0.3048780487804878
310,A,LEU,335,0.0,0.5365853658536586
311,A,MET,336,0.0,0.1276595744680851
312,A,TRP,337,0.0,0.06607929515418502
313,A,CYS,338,0.0,0.14814814814814814
314,A,PRO,339,0.0,0.22058823529411764
315,A,PHE,340,0.0,0.20304568527918782
316,A,PHE,341,0.0,0.07614213197969544
317,A,ILE,342,0.0,0.5029585798816568
318,A,THR,343,0.0,0.13380281690140844
319,A,ASN,344,0.0,0.08917197452229299
320,A,ILE,345,0.0,0.21301775147928995
321,A,THR,346,0.0,0.323943661971831
322,A,LEU,347,0.0,0.13414634146341464
323,A,VAL,348,0.0,0.20422535211267606
324,A,LEU,349,0.0,0.6341463414634146
325,A,CYS,350,0.0,0.25925925925925924
326,A,ASP,351,0.0,0.754601226993865
327,A,SER,352,0.0,0.9692307692307692
328,A,CYS,353,0.0,0.34814814814814815
329,A,ASN,354,0.0,0.5796178343949044
330,A,GLN,355,0.25,0.4444444444444444
331,A,THR,356,0.25,0.6549295774647887
332,A,THR,357,0.0,0.24647887323943662
333,A,LEU,358,0.0,0.15853658536585366
334,A,GLN,359,0.25,0.4444444444444444
335,A,MET,360,0.0,0.675531914893617
336,A,LEU,361,0.0,0.40853658536585363
337,A,LEU,362,0.0,0.12195121951219512
338,A,GLU,363,0.0,0.6288659793814433
339,A,ILE,364,0.0,0.6035502958579881
340,A,PHE,365,0.0,0.2639593908629442
341,A,VAL,366,0.0,0.2676056338028169
342,A,TRP,367,0.0,0.1894273127753304
343,A,ILE,368,0.0,0.3136094674556213
344,A,GLY,369,0.0,0.03571428571428571
345,A,TYR,370,0.0,0.03153153153153153
346,A,VAL,371,0.0,0.3028169014084507
347,A,SER,372,0.0,0.015384615384615385
348,A,SER,373,0.0,0.03076923076923077
349,A,GLY,374,0.0,0.10714285714285714
350,A,VAL,375,0.0,0.23943661971830985
351,A,ASN,376,0.0,0.06369426751592357
352,A,PRO,377,0.0,0.058823529411764705
353,A,LEU,378,0.0,0.4695121951219512
354,A,VAL,379,0.0,0.2112676056338028
355,A,TYR,380,0.0,0.11711711711711711
356,A,THR,381,0.0,0.007042253521126761
357,A,LEU,382,0.0,0.573170731707317
358,A,PHE,383,0.0,0.7309644670050761
359,A,ASN,384,0.0,0.36942675159235666
360,A,LYS,385,0.0,0.33170731707317075
361,A,THR,386,0.0,0.29577464788732394
362,A,PHE,387,0.0,0.02030456852791878
363,A,ARG,388,0.0,0.6491935483870968
364,A,ASP,389,0.0,0.656441717791411
365,A,ALA,390,0.0,0.09433962264150944
366,A,PHE,391,0.0,0.07614213197969544
367,A,GLY,392,0.0,0.2976190476190476
368,A,ARG,393,0.0,0.4798387096774194
369,A,TYR,394,0.0,0.6126126126126126
370,A,ILE,395,0.0,0.650887573964497
371,A,THR,396,0.0,0.7887323943661971
372,A,CYS,397,0.0,0.9777777777777777
