,PDB,Residue,immunodominance,RSA
0,5y9j_A,A:VAL:142,0.0,1.22535
1,5y9j_A,A:THR:143,0.0,0.50704
2,5y9j_A,A:GLN:144,0.0,0.37374
3,5y9j_A,A:ASP:145,0.0,0.09816
4,5y9j_A,A:CYS:146,0.0,0.11852
5,5y9j_A,A:LEU:147,0.0,0.0
6,5y9j_A,A:GLN:148,0.0,0.23232
7,5y9j_A,A:LEU:149,0.0,0.0
8,5y9j_A,A:ILE:150,0.0,0.28994
9,5y9j_A,A:ALA:151,0.0,0.03774
10,5y9j_A,A:ASP:152,0.0,0.15337
11,5y9j_A,A:SER:153,0.0,0.46154
12,5y9j_A,A:GLU:154,0.0,0.80412
13,5y9j_A,A:THR:155,0.0,0.37324
14,5y9j_A,A:PRO:156,0.0,0.77206
15,5y9j_A,A:THR:157,0.0,0.21831
16,5y9j_A,A:ILE:158,0.0,0.27219
17,5y9j_A,A:GLN:159,0.0,0.50505
18,5y9j_A,A:LYS:160,1.0,0.64878
19,5y9j_A,A:GLY:161,1.0,0.75
20,5y9j_A,A:SER:162,1.0,0.63077
21,5y9j_A,A:TYR:163,1.0,0.42793
22,5y9j_A,A:THR:164,0.0,0.0
23,5y9j_A,A:PHE:165,0.0,0.16751
24,5y9j_A,A:VAL:166,0.0,0.01408
25,5y9j_A,A:PRO:167,0.0,0.02206
26,5y9j_A,A:TRP:168,0.0,0.06167
27,5y9j_A,A:LEU:169,0.0,0.47561
28,5y9j_A,A:LEU:170,0.0,0.56098
29,5y9j_A,A:SER:171,0.0,0.4
30,5y9j_A,A:PHE:172,0.0,0.39594
31,5y9j_A,A:LYS:173,0.0,0.42439
32,5y9j_A,A:ARG:174,0.0,0.48387
33,5y9j_A,A:GLY:175,0.0,0.5
34,5y9j_A,A:SER:176,0.0,0.63846
35,5y9j_A,A:ALA:177,0.0,0.00943
36,5y9j_A,A:LEU:178,0.0,0.01829
37,5y9j_A,A:GLU:179,0.0,0.34536
38,5y9j_A,A:GLU:180,0.0,0.31959
39,5y9j_A,A:LYS:181,0.0,0.66341
40,5y9j_A,A:GLU:182,0.0,0.81959
41,5y9j_A,A:ASN:183,0.0,0.27389
42,5y9j_A,A:LYS:184,0.0,0.2439
43,5y9j_A,A:ILE:185,0.0,0.0
44,5y9j_A,A:LEU:186,0.0,0.18293
45,5y9j_A,A:VAL:187,0.0,0.01408
46,5y9j_A,A:LYS:188,0.0,0.43902
47,5y9j_A,A:GLU:189,0.0,0.45876
48,5y9j_A,A:THR:190,0.0,0.39437
49,5y9j_A,A:GLY:191,0.0,0.10714
50,5y9j_A,A:TYR:192,0.0,0.6036
51,5y9j_A,A:PHE:193,0.0,0.0
52,5y9j_A,A:PHE:194,0.0,0.30964
53,5y9j_A,A:ILE:195,0.0,0.0
54,5y9j_A,A:TYR:196,0.0,0.13063
55,5y9j_A,A:GLY:197,0.0,0.0
56,5y9j_A,A:GLN:198,0.0,0.16162
57,5y9j_A,A:VAL:199,0.0,0.0
58,5y9j_A,A:LEU:200,0.0,0.17683
59,5y9j_A,A:TYR:201,0.0,0.0
60,5y9j_A,A:THR:202,0.0,0.33803
61,5y9j_A,A:ASP:203,0.0,0.10429
62,5y9j_A,A:LYS:204,0.0,0.63415
63,5y9j_A,A:THR:205,1.0,0.38028
64,5y9j_A,A:TYR:206,1.0,0.73874
65,5y9j_A,A:ALA:207,1.0,0.04717
66,5y9j_A,A:MET:208,1.0,0.01064
67,5y9j_A,A:GLY:209,1.0,0.10714
68,5y9j_A,A:HIS:210,1.0,0.01087
69,5y9j_A,A:LEU:211,1.0,0.09146
70,5y9j_A,A:ILE:212,0.0,0.0
71,5y9j_A,A:GLN:213,1.0,0.13636
72,5y9j_A,A:ARG:214,0.0,0.14113
73,5y9j_A,A:LYS:215,1.0,0.46829
74,5y9j_A,A:LYS:216,0.0,0.10732
75,5y9j_A,A:VAL:217,0.0,0.47887
76,5y9j_A,A:HIS:218,0.0,0.59239
77,5y9j_A,A:VAL:219,1.0,0.49296
78,5y9j_A,A:PHE:220,0.1428571492433548,0.70558
79,5y9j_A,A:GLY:221,1.0,1.07143
80,5y9j_A,A:ASP:222,1.0,0.96319
81,5y9j_A,A:GLU:223,1.0,0.4433
82,5y9j_A,A:LEU:224,1.0,0.78049
83,5y9j_A,A:SER:225,1.0,0.36154
84,5y9j_A,A:LEU:226,1.0,0.46951
85,5y9j_A,A:VAL:227,0.4285714328289032,0.38732
86,5y9j_A,A:THR:228,1.0,0.40845
87,5y9j_A,A:LEU:229,0.0,0.29878
88,5y9j_A,A:PHE:230,0.0,0.15736
89,5y9j_A,A:ARG:231,1.0,0.67339
90,5y9j_A,A:CYS:232,1.0,0.11111
91,5y9j_A,A:ILE:233,1.0,0.5858
92,5y9j_A,A:GLN:234,1.0,0.33838
93,5y9j_A,A:ASN:235,0.0,0.75796
94,5y9j_A,A:MET:236,0.0,0.07979
95,5y9j_A,A:PRO:237,0.0,0.45588
96,5y9j_A,A:GLU:238,0.0,0.83505
97,5y9j_A,A:THR:239,0.0,0.74648
98,5y9j_A,A:LEU:240,0.0,0.85366
99,5y9j_A,A:PRO:241,0.0,0.05147
100,5y9j_A,A:ASN:242,0.0,0.61783
101,5y9j_A,A:ASN:243,0.0,0.29299
102,5y9j_A,A:SER:244,0.0,0.44615
103,5y9j_A,A:CYS:245,0.0,0.0963
104,5y9j_A,A:TYR:246,0.0,0.50901
105,5y9j_A,A:SER:247,0.0,0.20769
106,5y9j_A,A:ALA:248,0.0,0.33019
107,5y9j_A,A:GLY:249,0.0,0.25
108,5y9j_A,A:ILE:250,0.0,0.66272
109,5y9j_A,A:ALA:251,0.0,0.15094
110,5y9j_A,A:LYS:252,0.0,0.41463
111,5y9j_A,A:LEU:253,0.0,0.0
112,5y9j_A,A:GLU:254,0.0,0.32474
113,5y9j_A,A:GLU:255,0.0,0.65979
114,5y9j_A,A:GLY:256,0.0,0.44048
115,5y9j_A,A:ASP:257,0.0,0.00613
116,5y9j_A,A:GLU:258,0.0,0.3299
117,5y9j_A,A:LEU:259,0.0,0.0
118,5y9j_A,A:GLN:260,0.0,0.21212
119,5y9j_A,A:LEU:261,0.0,0.0061
120,5y9j_A,A:ALA:262,0.0,0.0
121,5y9j_A,A:ILE:263,0.0,0.0
122,5y9j_A,A:PRO:264,1.0,0.28676
123,5y9j_A,A:ARG:265,1.0,0.27823
124,5y9j_A,A:GLU:266,1.0,0.75258
125,5y9j_A,A:ASN:267,0.0,0.4586
126,5y9j_A,A:ALA:268,0.0,0.01887
127,5y9j_A,A:GLN:269,0.0,0.44949
128,5y9j_A,A:ILE:270,0.0,0.13018
129,5y9j_A,A:SER:271,0.0,0.16154
130,5y9j_A,A:LEU:272,0.0,0.17073
131,5y9j_A,A:ASP:273,0.0,0.54601
132,5y9j_A,A:GLY:274,0.0,0.27381
133,5y9j_A,A:ASP:275,0.0,0.74233
134,5y9j_A,A:VAL:276,0.0,0.21127
135,5y9j_A,A:THR:277,0.0,0.0
136,5y9j_A,A:PHE:278,0.0,0.18274
137,5y9j_A,A:PHE:279,0.0,0.0
138,5y9j_A,A:GLY:280,0.0,0.0
139,5y9j_A,A:ALA:281,0.0,0.0
140,5y9j_A,A:LEU:282,0.0,0.27439
141,5y9j_A,A:LYS:283,0.0,0.16585
142,5y9j_A,A:LEU:284,0.0,0.30488
143,5y9j_A,A:LEU:285,0.0,1.06098
